environment_steps,actor_loss,entropy,loss,mean_episode_length,mean_episode_returns,mean_episode_time,mean_harvested_count,mean_return_ID_1_stoch,mean_return_ID_2_solo,mean_return_ID_3_coop,std_episode_length,std_episode_returns,std_episode_time,std_harvested_count,std_return_ID_1_stoch,std_return_ID_2_solo,std_return_ID_3_coop,updates,v_loss_ch0,v_loss_ch1,v_loss_ch2,value_loss
20000,-0.028022482991218567,1.8083964586257935,0.01964159682393074,50.0,0.0,0.12976602029521017,0.0,0.0,0.0,0.0,0.0,0.0,1.78049479976209e-05,0.0,0.0,0.0,0.0,40,0.03766961023211479,0.022582659497857094,0.03507589176297188,0.09532815963029861
40000,-0.5789148211479187,2.5778985023498535,-0.5322667360305786,50.0,-0.3,0.13534592248033733,0.0,0.0,0.0,-0.3,0.0,0.6403124237432849,2.439928367586822e-05,0.0,0.0,0.0,0.6403124237432849,80,0.025338228791952133,0.022149112075567245,0.04580884799361229,0.09329618513584137
60000,-0.08772148936986923,2.7907140254974365,-0.0516691617667675,50.0,0.0,0.13025461670476943,0.0,0.0,0.0,0.0,0.0,0.0,5.787734600298236e-05,0.0,0.0,0.0,0.0,120,0.02207687683403492,0.02253657393157482,0.02749120257794857,0.07210465520620346
80000,-0.22651556134223938,2.820634365081787,-0.19437867403030396,50.0,0.0,0.20377606234978884,0.0,0.0,0.0,0.0,0.0,0.0,1.6841849936585173e-05,0.0,0.0,0.0,0.0,160,0.013010519556701183,0.017302053049206734,0.03396120294928551,0.06427377462387085
100000,-0.14751197397708893,2.823620319366455,-0.11675471067428589,50.0,0.0,0.13567655871156603,0.0,0.0,0.0,0.0,0.0,0.0,2.037310074137384e-05,0.0,0.0,0.0,0.0,200,0.017146022990345955,0.0191181767731905,0.025250330567359924,0.06151452660560608
120000,-0.2738278806209564,2.9540951251983643,-0.25384029746055603,50.0,0.0,0.1303314329823479,0.0,0.0,0.0,0.0,0.0,0.0,3.0271555625771858e-05,0.0,0.0,0.0,0.0,240,0.01065120194107294,0.013496664352715015,0.015827322378754616,0.03997518867254257
140000,-0.21402041614055634,2.99696946144104,-0.19089104235172272,50.0,0.0,0.1283741761697456,0.0,0.0,0.0,0.0,0.0,0.0,1.618433060035218e-05,0.0,0.0,0.0,0.0,280,0.012213611975312233,0.012059318833053112,0.021985802799463272,0.04625873640179634
160000,-0.3556707203388214,2.8965001106262207,-0.3411923348903656,50.0,0.0,0.13109494671225547,0.0,0.0,0.0,0.0,0.0,0.0,1.7808839529956187e-05,0.0,0.0,0.0,0.0,320,0.007132303435355425,0.008088848553597927,0.01373559981584549,0.02895675227046013
180000,-0.33561190962791443,2.9740731716156006,-0.31906741857528687,50.0,0.0,0.13010409015696495,0.0,0.0,0.0,0.0,0.0,0.0,1.8855599023617434e-05,0.0,0.0,0.0,0.0,360,0.0072885435074567795,0.009825930930674076,0.015974530950188637,0.03308900445699692
200000,-0.14368604123592377,2.9155526161193848,-0.129062682390213,50.0,0.0,0.13646610421128572,0.0,0.0,0.0,0.0,0.0,0.0,2.7166476516314184e-05,0.0,0.0,0.0,0.0,400,0.008614338003098965,0.0069734444841742516,0.013658938929438591,0.029246721416711807
220000,-0.16763265430927277,2.9646108150482178,-0.15675723552703857,50.0,0.0,0.1300384331261739,0.0,0.0,0.0,0.0,0.0,0.0,1.7451067968506087e-05,0.0,0.0,0.0,0.0,440,0.005707646254450083,0.00564286345615983,0.010400318540632725,0.021750828251242638
240000,-0.24321088194847107,2.9888811111450195,-0.2310536801815033,50.0,0.0,0.12775868161115794,0.0,0.0,0.0,0.0,0.0,0.0,1.9885656160317084e-05,0.0,0.0,0.0,0.0,480,0.007066465448588133,0.0076578338630497456,0.009590093977749348,0.02431439235806465
260000,-0.08347102254629135,3.0199766159057617,-0.07416567951440811,50.0,0.0,0.12998380169738083,0.0,0.0,0.0,0.0,0.0,0.0,3.736974851843074e-05,0.0,0.0,0.0,0.0,520,0.005964131560176611,0.005182817578315735,0.0074637336656451225,0.01861068233847618
280000,-0.18804019689559937,3.0249741077423096,-0.17824360728263855,50.0,0.0,0.1305573463207111,0.0,0.0,0.0,0.0,0.0,0.0,1.1201997086441947e-05,0.0,0.0,0.0,0.0,560,0.005237952806055546,0.004927586764097214,0.009427634999155998,0.019593175500631332
300000,-0.34210526943206787,3.069579839706421,-0.32616057991981506,48.4,-0.05,0.12558571908157318,0.1,0.0,0.05,-0.1,4.8,0.15000000000000002,0.012537383947520563,0.30000000000000004,0.0,0.15000000000000002,0.30000000000000004,600,0.00690500857308507,0.006125577259808779,0.01885877549648285,0.03188936039805412
320000,-0.14689424633979797,3.0489931106567383,-0.13684366643428802,50.0,0.0,0.12838992308825253,0.0,0.0,0.0,0.0,0.0,0.0,1.857494594652291e-05,0.0,0.0,0.0,0.0,640,0.0052675651386380196,0.006426050327718258,0.008407552726566792,0.020101167261600494
340000,-0.262939453125,3.0996310710906982,-0.255179762840271,50.0,0.0,0.14556239487137645,0.0,0.0,0.0,0.0,0.0,0.0,1.2800999259578224e-05,0.0,0.0,0.0,0.0,680,0.003849766217172146,0.003969255369156599,0.007700368762016296,0.015519389882683754
360000,-0.23562029004096985,3.1263930797576904,-0.2199525237083435,47.8,0.1,0.12475862870924175,0.1,0.1,0.0,0.0,6.6000000000000005,0.30000000000000004,0.01720092953547943,0.30000000000000004,0.30000000000000004,0.0,0.0,720,0.018125969916582108,0.005029848776757717,0.008179701864719391,0.03133552148938179
380000,-0.14779654145240784,3.098078727722168,-0.1405230015516281,50.0,0.0,0.12899660971015692,0.0,0.0,0.0,0.0,0.0,0.0,2.0390574496218223e-05,0.0,0.0,0.0,0.0,760,0.0029279727023094893,0.0036899123806506395,0.007929185405373573,0.014547070488333702
400000,-0.2363055795431137,3.1072745323181152,-0.22824914753437042,50.0,0.0,0.12984177037142217,0.0,0.0,0.0,0.0,0.0,0.0,1.8987328801152906e-05,0.0,0.0,0.0,0.0,800,0.004291059449315071,0.0038823175709694624,0.00793948583304882,0.016112862154841423
420000,-0.06750432401895523,3.115408182144165,-0.06150795519351959,50.0,0.0,0.12922728441189973,0.0,0.0,0.0,0.0,0.0,0.0,2.1270770234046466e-05,0.0,0.0,0.0,0.0,840,0.0023618959821760654,0.002963046543300152,0.006667793728411198,0.011992736719548702
440000,-0.16833968460559845,3.0836641788482666,-0.16096198558807373,50.0,0.0,0.12763414976652712,0.0,0.0,0.0,0.0,0.0,0.0,2.239754326507023e-05,0.0,0.0,0.0,0.0,880,0.004230027087032795,0.003561109071597457,0.0069642700254917145,0.01475540641695261
460000,-0.0510784313082695,3.073849678039551,-0.04481686279177666,50.0,0.0,0.1293510585092008,0.0,0.0,0.0,0.0,0.0,0.0,2.1715695377642713e-05,0.0,0.0,0.0,0.0,920,0.0028225998394191265,0.0033705492969602346,0.006329986732453108,0.012523136101663113
480000,-0.17330418527126312,3.1269149780273438,-0.16228124499320984,49.9,-0.05,0.13895560828968884,0.1,0.0,0.05,-0.1,0.3,0.15000000000000002,0.001020998186556874,0.30000000000000004,0.0,0.15000000000000002,0.30000000000000004,960,0.002165920799598098,0.0056377979926764965,0.014242174103856087,0.022045893594622612
500000,-0.23944486677646637,3.0919270515441895,-0.2340119332075119,50.0,0.0,0.12849550922401248,0.0,0.0,0.0,0.0,0.0,0.0,1.9277036527748618e-05,0.0,0.0,0.0,0.0,1000,0.0023467349819839,0.0034221948590129614,0.00509693892672658,0.010865869000554085
520000,-0.1641077995300293,3.114274263381958,-0.15819516777992249,45.8,0.05,0.1180041226092726,0.1,0.0,0.05,0.0,12.600000000000001,0.15000000000000002,0.03269322422565706,0.30000000000000004,0.0,0.15000000000000002,0.0,1040,0.0027225215453654528,0.004416694398969412,0.0046860454604029655,0.011825261637568474
540000,-0.12958893179893494,3.1336147785186768,-0.12479028850793839,50.0,0.0,0.1295230998424813,0.0,0.0,0.0,0.0,0.0,0.0,1.91232868636503e-05,0.0,0.0,0.0,0.0,1080,0.003047892590984702,0.002053359290584922,0.00449603283777833,0.009597284719347954
560000,-0.09201884269714355,3.090939998626709,-0.0871126651763916,50.0,0.0,0.12812003861181437,0.0,0.0,0.0,0.0,0.0,0.0,1.9439297103019874e-05,0.0,0.0,0.0,0.0,1120,0.002811890561133623,0.0019169205334037542,0.005083546508103609,0.00981235783547163
580000,-0.10131074488162994,3.109365224838257,-0.0950036272406578,50.0,0.0,0.12923362611327321,0.0,0.0,0.0,0.0,0.0,0.0,2.0949757646807274e-05,0.0,0.0,0.0,0.0,1160,0.003098435467109084,0.0046553835272789,0.004860423039644957,0.012614241801202297
600000,-0.2604534327983856,3.147805690765381,-0.25540798902511597,50.0,0.0,0.12986207271460443,0.0,0.0,0.0,0.0,0.0,0.0,1.5212380039493698e-05,0.0,0.0,0.0,0.0,1200,0.0034770641941577196,0.002578500658273697,0.004035340156406164,0.010090905241668224
620000,-0.22731301188468933,3.151506185531616,-0.22139078378677368,50.0,0.0,0.13315190509893,0.0,0.0,0.0,0.0,0.0,0.0,5.388424039871471e-05,0.0,0.0,0.0,0.0,1240,0.0022071499843150377,0.0022260320838540792,0.007411264814436436,0.011844446882605553
640000,-0.15971624851226807,3.0908889770507812,-0.15550866723060608,50.0,0.0,0.1375630573835224,0.0,0.0,0.0,0.0,0.0,0.0,2.0405693160525796e-05,0.0,0.0,0.0,0.0,1280,0.0016856241272762418,0.002394244307652116,0.004335297737270594,0.008415166288614273
660000,-0.12626251578330994,3.14266300201416,-0.12173864990472794,50.0,0.0,0.12820869467686863,0.0,0.0,0.0,0.0,0.0,0.0,1.590398445607103e-05,0.0,0.0,0.0,0.0,1320,0.0024704299867153168,0.0017146769678220153,0.004862621892243624,0.009047728963196278
680000,-0.23099850118160248,3.1545324325561523,-0.22714412212371826,50.0,0.0,0.12853996334597467,0.0,0.0,0.0,0.0,0.0,0.0,1.883606631832099e-05,0.0,0.0,0.0,0.0,1360,0.0017336399760097265,0.0012304685078561306,0.004744646139442921,0.0077087548561394215
700000,-0.07731868326663971,3.1408135890960693,-0.07268241047859192,50.0,0.0,0.12920272431802005,0.0,0.0,0.0,0.0,0.0,0.0,2.2877094088758697e-05,0.0,0.0,0.0,0.0,1400,0.0018514069961383939,0.0015784832648932934,0.00584265124052763,0.009272541850805283
720000,-0.17401975393295288,3.1313745975494385,-0.17043466866016388,50.0,0.0,0.12846598259638994,0.0,0.0,0.0,0.0,0.0,0.0,1.9820987136338643e-05,0.0,0.0,0.0,0.0,1440,0.002615284873172641,0.0011738167377188802,0.0033810611348599195,0.007170162629336119
740000,-0.20344236493110657,3.1551010608673096,-0.1995873898267746,50.0,0.0,0.1316209348849952,0.0,0.0,0.0,0.0,0.0,0.0,3.024573857617671e-05,0.0,0.0,0.0,0.0,1480,0.001786945853382349,0.001292085857130587,0.004630927927792072,0.007709959521889687
760000,-0.16210971772670746,3.128830671310425,-0.1580454558134079,50.0,0.0,0.12890348003711552,0.0,0.0,0.0,0.0,0.0,0.0,4.971561882268283e-05,0.0,0.0,0.0,0.0,1520,0.0013241899432614446,0.0039428602904081345,0.0028614820912480354,0.008128532208502293
780000,-0.10037751495838165,3.1594793796539307,-0.09683166444301605,50.0,0.0,0.13134662406519054,0.0,0.0,0.0,0.0,0.0,0.0,6.683623888158546e-05,0.0,0.0,0.0,0.0,1560,0.0026976794470101595,0.0018137670122087002,0.002580259693786502,0.0070917061530053616
800000,0.03888746351003647,3.11427640914917,0.04252595081925392,50.0,0.0,0.4593516180291772,0.0,0.0,0.0,0.0,0.0,0.0,2.8022272992327884e-05,0.0,0.0,0.0,0.0,1600,0.002708329586312175,0.0008464311249554157,0.003722214139997959,0.007276975084096193
820000,-0.026565685868263245,3.1318650245666504,-0.021131671965122223,50.0,0.0,0.12980936744716018,0.0,0.0,0.0,0.0,0.0,0.0,1.9480117841986504e-05,0.0,0.0,0.0,0.0,1640,0.0022058489266783,0.001832623966038227,0.006829554680734873,0.010868027806282043
840000,-0.06184055656194687,3.1342899799346924,-0.05862095206975937,50.0,0.0,0.12810612798202783,0.0,0.0,0.0,0.0,0.0,0.0,1.5024719138202723e-05,0.0,0.0,0.0,0.0,1680,0.0013844971545040607,0.001539788325317204,0.003514921758323908,0.006439207121729851
860000,-0.02347688004374504,3.166604995727539,-0.020382894203066826,50.0,0.0,0.12897183606401086,0.0,0.0,0.0,0.0,0.0,0.0,1.591019221411117e-05,0.0,0.0,0.0,0.0,1720,0.0012846949975937605,0.002008060459047556,0.0028952148277312517,0.006187970284372568
880000,-0.13360649347305298,3.1500630378723145,-0.13085150718688965,50.0,0.0,0.13281350198667496,0.0,0.0,0.0,0.0,0.0,0.0,2.4585553620000137e-05,0.0,0.0,0.0,0.0,1760,0.00221543968655169,0.0007965982658788562,0.002497926587238908,0.005509964656084776
900000,-0.17894333600997925,3.172550916671753,-0.17607280611991882,50.0,0.0,0.13677383540198207,0.0,0.0,0.0,0.0,0.0,0.0,2.8736031169844714e-05,0.0,0.0,0.0,0.0,1800,0.0021129432134330273,0.0012156814336776733,0.002412426983937621,0.005741051398217678
920000,-0.12308262288570404,3.1516127586364746,-0.12040622532367706,50.0,0.0,0.14792763504665346,0.0,0.0,0.0,0.0,0.0,0.0,0.0006807499654352432,0.0,0.0,0.0,0.0,1840,0.0019698769319802523,0.001181393163278699,0.0022015238646417856,0.0053527941927313805
940000,-0.11188847571611404,3.154052734375,-0.1094670221209526,50.0,0.0,0.13143842013087123,0.0,0.0,0.0,0.0,0.0,0.0,5.488234081693797e-05,0.0,0.0,0.0,0.0,1880,0.0013547234702855349,0.0017414799658581614,0.0017467074794694781,0.0048429109156131744
960000,-0.21286259591579437,3.1763532161712646,-0.21009992063045502,50.0,0.0,0.13264906471595167,0.0,0.0,0.0,0.0,0.0,0.0,2.319699147188033e-05,0.0,0.0,0.0,0.0,1920,0.0021939892321825027,0.0008814770262688398,0.002449891995638609,0.005525358021259308
980000,-0.015126471407711506,3.156816005706787,-0.013031205162405968,50.0,0.0,0.13535414037760346,0.0,0.0,0.0,0.0,0.0,0.0,2.4249387964804628e-05,0.0,0.0,0.0,0.0,1960,0.001749676652252674,0.0006459801224991679,0.0017948767635971308,0.004190533421933651
1000000,-0.09987156838178635,3.1298987865448,-0.09702270478010178,50.0,0.0,0.14838907080702485,0.0,0.0,0.0,0.0,0.0,0.0,3.821462374794463e-05,0.0,0.0,0.0,0.0,2000,0.0015497624408453703,0.0016195082571357489,0.002528455341234803,0.005697726272046566
