environment_steps,actor_loss,agent0/mean_episode_returns,agent0/std_episode_returns,agent1/mean_episode_returns,agent1/std_episode_returns,entropy,loss,mean_episode_length,mean_episode_returns,mean_episode_time,mean_foods_collected,mean_return_ID_1_stoch,mean_return_ID_2_solo,mean_return_ID_3_coop,mean_reward_vec,std_episode_length,std_episode_returns,std_episode_time,std_foods_collected,std_return_ID_1_stoch,std_return_ID_2_solo,std_return_ID_3_coop,std_reward_vec,updates,v_loss_ch0,v_loss_ch1,v_loss_ch2,value_loss
20000,0.011944237165153027,0.15,0.22912878,0.0,0.0,1.5271646976470947,0.23528315126895905,50.0,0.15,0.42596771102398634,0.3,0.0,0.15,0.0,0.0,0.0,0.22912878474779202,1.694493786143301e-05,0.45825756949558405,0.0,0.22912878474779202,0.0,0.0,40,0.1715097278356552,0.12515732645988464,0.15001077950000763,0.4466778337955475
40000,-0.05177232250571251,0.1,0.2,0.0,0.0,1.1206883192062378,0.03616981580853462,50.0,0.1,0.4345021314220503,0.3,0.0,0.1,0.0,0.0,0.0,0.20000000000000004,3.074606396097408e-05,0.6403124237432849,0.0,0.20000000000000004,0.0,0.0,80,0.09505677968263626,0.05886637791991234,0.021961113438010216,0.17588427662849426
60000,-0.02442307211458683,0.3,0.33166248,0.0,0.0,1.4956142902374268,0.07057782262563705,50.0,0.3,0.15485102331731468,0.7,0.1,0.2,0.0,0.0,0.0,0.33166247903553997,1.3731153090605891e-05,0.6403124237432849,0.30000000000000004,0.2449489742783178,0.0,0.0,120,0.0872100219130516,0.06203753501176834,0.040754225105047226,0.19000178575515747
80000,-0.07098488509654999,0.1,0.29999998,0.0,0.0,1.3547507524490356,-0.02818773314356804,50.0,0.1,0.43156533760484306,0.1,0.1,0.0,0.0,0.0,0.0,0.30000000000000004,1.984703360426431e-05,0.30000000000000004,0.30000000000000004,0.0,0.0,0.0,160,0.0330778993666172,0.028511710464954376,0.02400469407439232,0.0855943039059639
100000,-0.07856789231300354,0.15,0.32015622,0.0,0.0,1.2684142589569092,-0.037078533321619034,50.0,0.15,0.42558404861483723,0.3,0.1,0.05,0.0,0.0,0.0,0.32015621187164245,1.4414741930436455e-05,0.45825756949558394,0.30000000000000004,0.15000000000000002,0.0,0.0,200,0.03838957101106644,0.022903908044099808,0.021685238927602768,0.08297871798276901
120000,-0.0448542945086956,0.05,0.14999999,0.0,0.0,1.4412791728973389,-0.006103437393903732,50.0,0.05,0.42535383787471803,0.1,0.0,0.05,0.0,0.0,0.0,0.15000000000000002,1.7910070756885536e-05,0.30000000000000004,0.0,0.15000000000000002,0.0,0.0,240,0.027586493641138077,0.0313413180410862,0.018573902547359467,0.07750171422958374
140000,-0.10066600143909454,0.0,0.0,0.0,0.0,1.6143817901611328,-0.06665607541799545,50.0,0.0,0.42744953201618047,0.2,0.0,0.0,0.0,0.0,0.0,0.0,0.00035415376729827847,0.4000000000000001,0.0,0.0,0.0,0.0,280,0.027505893260240555,0.02234814502298832,0.018165811896324158,0.06801985204219818
160000,-0.08551334589719772,0.45,0.41533118,0.0,0.0,1.4909201860427856,-0.03341350704431534,50.0,0.45,0.4263868236448616,0.7,0.3,0.15,0.0,0.0,0.0,0.4153311931459038,1.1946871795702837e-05,0.45825756949558394,0.45825756949558405,0.22912878474779197,0.0,0.0,320,0.030341045930981636,0.05136674642562866,0.022491885349154472,0.10419967770576477
180000,-0.01012797374278307,0.25,0.46097723,0.0,0.0,1.4207444190979004,0.04774457961320877,50.0,0.25,0.42568655479699374,0.8,0.1,0.15,0.0,0.0,0.0,0.4609772228646444,2.3440522034599338e-05,0.7483314773547883,0.30000000000000004,0.22912878474779197,0.0,0.0,360,0.031835850328207016,0.06168223172426224,0.02222702093422413,0.11574510484933853
200000,0.05591747164726257,0.1,0.2,0.0,0.0,1.242680311203003,0.09391433745622635,50.0,0.1,0.12448071620892734,0.2,0.0,0.1,0.0,0.0,0.0,0.20000000000000004,1.46202234553661e-05,0.4000000000000001,0.0,0.20000000000000004,0.0,0.0,400,0.02030584029853344,0.03860852122306824,0.017079366371035576,0.07599373161792755
220000,-0.0036544553004205227,0.2,0.33166248,0.1,0.29999998,1.3282744884490967,0.029905492439866066,50.0,0.3,2.9010088221170007,0.4,0.2,0.1,0.0,0.0,0.0,0.4,2.009574047325554e-05,0.48989794855663565,0.4000000000000001,0.20000000000000004,0.0,0.0,440,0.01994071900844574,0.028979377821087837,0.018199799582362175,0.06711989641189575
240000,-0.07738762348890305,0.15,0.22912878,0.0,0.0,1.555788516998291,-0.044416896998882294,50.0,0.15,0.1537022978067398,0.5,0.0,0.15,0.0,0.0,0.0,0.22912878474779197,1.8980553683675895e-05,0.5,0.0,0.22912878474779197,0.0,0.0,480,0.01910160295665264,0.030142052099108696,0.016697797924280167,0.0659414529800415
260000,-0.06297113746404648,0.35,0.5024938,0.05,0.14999999,1.4502942562103271,-0.015709444880485535,50.0,0.4,0.4238127313787118,1.0,0.2,0.2,0.0,0.0,0.0,0.5830951894845301,1.763289227640609e-05,0.7745966692414834,0.4000000000000001,0.24494897427831783,0.0,0.0,520,0.01806747540831566,0.058531396090984344,0.017924515530467033,0.09452338516712189
280000,-0.08947674930095673,0.55,0.65,0.15,0.32015622,1.9743378162384033,0.09711749851703644,48.1,0.7,0.41174317959230394,1.2,0.2,0.3,0.2,0.0,5.7,0.812403840463596,0.04926247548835732,0.9797958971132713,0.4000000000000001,0.2449489742783178,0.6000000000000001,0.0,560,0.03119722753763199,0.06674162298440933,0.2752496600151062,0.37318849563598633
300000,-0.1159035861492157,0.25,0.4031129,0.0,0.0,1.647641658782959,-0.07127401232719421,50.0,0.25,0.42839413760229944,0.6,0.2,0.05,0.0,0.0,0.0,0.4031128874149275,2.3230181329079278e-05,0.4898979485566356,0.4000000000000001,0.15000000000000002,0.0,0.0,600,0.03521318361163139,0.03267553821206093,0.021370433270931244,0.08925915509462357
320000,-0.12669320404529572,0.15,0.22912878,0.25,0.33541018,2.2909183502197266,-0.06002150475978851,50.0,0.4,0.4268686145078391,0.9,0.1,0.3,0.0,0.0,0.0,0.30000000000000004,1.5535441980592437e-05,0.7000000000000001,0.30000000000000004,0.24494897427831783,0.0,0.0,640,0.03318406268954277,0.07663580030202866,0.023523526266217232,0.1333433985710144
340000,-0.1540709286928177,0.75,0.68007356,0.2,0.45825753,2.421337604522705,0.057754650712013245,47.3,0.95,0.3990578418597579,1.3,0.4,0.35,0.2,0.05,8.1,0.986154146165801,0.07124724678107354,0.9,0.48989794855663565,0.22912878474779202,0.6000000000000001,0.14999999,680,0.047764286398887634,0.11098922044038773,0.2648976743221283,0.42365115880966187
360000,-0.04339844733476639,0.15,0.22912878,0.3,0.45825756,1.9677211046218872,0.009368330240249634,50.0,0.45,0.3890778905246407,0.9,0.3,0.15,0.0,0.0,0.0,0.5220153254455275,1.3452234515164674e-05,0.5385164807134504,0.45825756949558394,0.22912878474779197,0.0,0.0,720,0.03484334424138069,0.04113705828785896,0.029553154483437538,0.10553355515003204
380000,-0.291344553232193,0.1,0.2,0.4,0.37416574,1.9095617532730103,-0.19606390595436096,50.0,0.5,0.15366122066043317,1.0,0.2,0.3,0.0,0.05,0.0,0.4472135954999579,2.0847259875508908e-05,0.7745966692414834,0.4000000000000001,0.2449489742783178,0.0,0.14999999,760,0.02661748044192791,0.07959281653165817,0.08435098826885223,0.19056129455566406
400000,-0.12972129881381989,0.5,0.591608,0.3,0.4582576,2.1386992931365967,-0.0394153818488121,50.0,0.8,0.4247430093586445,1.6,0.4,0.4,0.0,0.0,0.0,0.5099019513592784,2.2672069060059963e-05,0.48989794855663565,0.4898979485566356,0.2,0.0,0.0,800,0.04646982625126839,0.08715368062257767,0.04698832705616951,0.18061183393001556
420000,-0.13322775065898895,0.5,0.5477226,0.2,0.33166248,1.9207968711853027,-0.06476186215877533,50.0,0.7,0.4342064006021246,1.1,0.5,0.2,0.0,0.0,0.0,0.45825756949558405,1.8358944712185517e-05,0.7,0.5,0.24494897427831783,0.0,0.0,840,0.03036206215620041,0.06479319930076599,0.041776515543460846,0.13693177700042725
440000,0.006543247029185295,0.4,0.5385165,0.3,0.45825756,2.1202056407928467,0.3117973506450653,50.0,0.7,0.4270684181014076,1.0,0.2,0.3,0.2,0.0,0.0,0.7483314773547883,2.0295704731508116e-05,0.7745966692414834,0.4000000000000001,0.2449489742783178,0.6000000000000001,0.0,880,0.029094787314534187,0.10034361481666565,0.48106977343559265,0.6105082035064697
460000,-0.09767003357410431,0.35,0.5937171,0.1,0.29999998,1.968597173690796,0.11293049156665802,50.0,0.45,0.4373757915804163,0.7,0.1,0.15,0.2,0.0,0.0,0.8789197915623472,2.4119759093585055e-05,0.9,0.30000000000000004,0.22912878474779197,0.6000000000000001,0.0,920,0.02146241068840027,0.04986388981342316,0.3498747646808624,0.42120105028152466
480000,-0.13725267350673676,0.55,0.78898674,0.35,0.39051247,2.205113649368286,0.14607717096805573,48.0,0.9,0.40865288393106314,1.6,0.3,0.4,0.2,0.2,6.0,0.9433981132056605,0.051836442118942436,0.66332495807108,0.45825756949558394,0.2,0.6000000000000001,0.59999996,960,0.03277911618351936,0.10183815658092499,0.4320423901081085,0.566659688949585
500000,0.008450875990092754,0.35,0.5024938,0.45,0.8200609,1.9542349576950073,0.38469988107681274,47.5,0.8,0.14618066241964697,1.4,0.3,0.3,0.2,0.1,7.5,1.053565375285274,0.02326627361965306,1.0198039027185568,0.45825756949558394,0.24494897427831783,0.6000000000000001,0.29999998,1000,0.040346745401620865,0.10515279322862625,0.6069985032081604,0.7524980306625366
520000,-0.4342362582683563,0.25,0.4031129,0.4,0.5385165,2.3240206241607666,-0.21642182767391205,50.0,0.65,0.128030940098688,1.0,0.3,0.15,0.2,0.2,0.0,0.8674675786448737,1.1781031223768062e-05,0.8944271909999159,0.6403124237432849,0.22912878474779197,0.6000000000000001,0.59999996,1040,0.020519912242889404,0.06162911280989647,0.3534798324108124,0.43562886118888855
540000,-0.11801527440547943,0.8,0.71414286,0.45,0.47169906,2.2601258754730225,0.18185000121593475,48.4,1.25,0.6711751904338599,1.6,0.7,0.35,0.2,0.1,4.8,0.8440971508067067,0.06723594081196523,0.66332495807108,0.45825756949558394,0.22912878474779202,0.6000000000000001,0.29999998,1080,0.06613991409540176,0.09091849625110626,0.44267216324806213,0.5997305512428284
560000,-0.25219061970710754,0.65,0.63442886,0.35,0.39051247,2.234149694442749,0.06418591737747192,50.0,1.0,0.6967636650428176,1.3,0.4,0.4,0.2,0.0,0.0,0.806225774829855,3.055603315881172e-05,0.6403124237432849,0.48989794855663565,0.30000000000000004,0.6000000000000001,0.0,1120,0.03971289098262787,0.12396886199712753,0.4690713584423065,0.6327530741691589
580000,-0.31831929087638855,0.35,0.5937171,0.45,0.52201533,2.3696210384368896,0.008930712938308716,50.0,0.8,0.6988199157873168,1.4,0.3,0.3,0.2,0.0,0.0,0.842614977317636,2.259324880742823e-05,0.66332495807108,0.45825756949558394,0.2449489742783178,0.6000000000000001,0.0,1160,0.03012087568640709,0.1163201630115509,0.508059024810791,0.6545000076293945
600000,-0.18478655815124512,0.55,0.52201533,0.45,0.47169906,2.053864002227783,0.005522996187210083,50.0,1.0,0.12558085981290787,1.7,0.6,0.4,0.0,0.0,0.0,0.5477225575051661,3.0555842279487e-05,0.45825756949558405,0.4898979485566356,0.2,0.0,0.0,1200,0.05059317126870155,0.1566285341978073,0.17339740693569183,0.3806191086769104
620000,-0.2516752779483795,0.55,0.47169906,0.2,0.33166248,2.118239641189575,-0.12509267032146454,50.0,0.75,0.1281219373922795,1.3,0.4,0.35,0.0,0.0,0.0,0.5590169943749475,3.301477938865199e-05,0.7810249675906655,0.4898979485566356,0.22912878474779202,0.0,0.0,1240,0.030389757826924324,0.1013002023100853,0.12147524952888489,0.25316521525382996
640000,-0.34650862216949463,0.55,0.6103278,0.4,0.5385165,1.9004911184310913,0.08760029077529907,50.0,0.95,0.7709351816214621,1.2,0.5,0.25,0.2,0.0,0.0,0.788986691902975,2.0550413833497152e-05,0.7483314773547883,0.5,0.25,0.6000000000000001,0.0,1280,0.04240339994430542,0.08586179465055466,0.7399526238441467,0.8682178258895874
660000,-0.4750439524650574,0.35,0.5937171,0.2,0.244949,2.207576036453247,-0.2829273045063019,50.0,0.55,0.7827213193988427,1.3,0.2,0.35,0.0,0.0,0.0,0.5220153254455275,1.849519598172042e-05,0.9,0.4000000000000001,0.22912878474779197,0.0,0.0,1320,0.03418309986591339,0.17311640083789825,0.17693381011486053,0.384233295917511
680000,-0.3282163739204407,0.3,0.4,0.4,0.5385165,2.0791714191436768,0.0005100369453430176,47.9,0.7,0.7382700017420575,1.1,0.3,0.2,0.2,0.2,6.300000000000001,0.842614977317636,0.0983741448384323,0.9433981132056604,0.45825756949558394,0.24494897427831783,0.6000000000000001,0.59999996,1360,0.033598706126213074,0.11993461847305298,0.5039194822311401,0.6574528217315674
700000,-0.6561505198478699,0.3,0.45825756,0.25,0.4031129,1.9601796865463257,-0.4078822731971741,50.0,0.55,0.12584452310111374,1.2,0.3,0.25,0.0,0.0,0.0,0.5678908345800273,2.2281565600682018e-05,0.6000000000000001,0.45825756949558394,0.25,0.0,0.0,1400,0.03491617739200592,0.10614047199487686,0.355479896068573,0.496536523103714
720000,-0.37383487820625305,0.35,0.39051247,0.6,0.5830952,2.2010741233825684,-0.07063284516334534,46.4,0.95,0.14348087802063675,1.3,0.4,0.35,0.2,0.2,10.8,0.7566372975210778,0.03358028235975669,0.7810249675906654,0.66332495807108,0.22912878474779202,0.6000000000000001,0.59999996,1440,0.032727885991334915,0.1516202688217163,0.4220558702945709,0.6064040660858154
740000,-0.7036674618721008,0.35,0.45,0.5,0.5477226,1.9639557600021362,-0.37593594193458557,50.0,0.85,2.9136696688830854,1.3,0.5,0.35,0.0,0.0,0.0,0.5937171043518958,2.0830389465197528e-05,0.7810249675906655,0.5,0.22912878474779202,0.0,0.0,1480,0.03992151468992233,0.16351436078548431,0.45202717185020447,0.6554630398750305
760000,-0.48203006386756897,0.75,0.60207975,0.65,0.7433035,1.7808781862258911,0.212642103433609,47.8,1.4,0.1198550783097744,1.8,0.4,0.4,0.6,0.4,4.48998886412873,1.1575836902790224,0.011568192995550019,0.8717797887081347,0.48989794855663565,0.2,0.9165151389911679,0.8,1520,0.044929321855306625,0.15519309043884277,1.189221978187561,1.389344334602356
780000,-0.3101091980934143,0.9,0.9949874,0.75,0.5123475,2.0333738327026367,0.36352628469467163,45.4,1.65,0.11586117420811207,1.9,0.4,0.45,0.8,0.8,5.782732917920384,1.379311422413372,0.015236230925022565,1.044030650891055,0.48989794855663565,0.15000000000000002,0.9797958971132713,0.979796,1560,0.03489018604159355,0.20874759554862976,1.103633165359497,1.3472709655761719
800000,-0.9050860404968262,0.3,0.4,0.2,0.33166248,2.192683696746826,-0.5722535252571106,50.0,0.5,0.12504749279469252,0.9,0.3,0.2,0.0,0.0,0.0,0.3872983346207417,1.792929230486889e-05,0.7000000000000001,0.45825756949558394,0.2449489742783178,0.0,0.0,1600,0.03612753748893738,0.11946462839841843,0.5100728273391724,0.6656650304794312
820000,-0.04264366999268532,0.55,0.5678908,0.4,0.48989797,1.9655505418777466,0.4503440856933594,48.6,0.95,0.13491684109903873,1.8,0.1,0.45,0.4,0.1,2.835489375751565,0.85,0.007505913104310747,0.7483314773547883,0.30000000000000004,0.15,0.8000000000000002,0.2,1640,0.017555028200149536,0.25094160437583923,0.7174788117408752,0.9859755039215088
840000,-0.45529279112815857,0.4,0.48989797,0.4,0.76811457,1.8365675210952759,-0.021852582693099976,48.9,0.8,0.12281021070666612,1.3,0.3,0.3,0.2,0.2,3.3000000000000003,1.0049875621120892,0.008394624660384929,0.7810249675906654,0.45825756949558394,0.24494897427831783,0.6000000000000001,0.59999996,1680,0.03181764483451843,0.1460406482219696,0.6890221238136292,0.8668804168701172
860000,-0.8949583768844604,0.55,0.41533118,0.4,0.4358899,2.2056362628936768,-0.33486342430114746,50.0,0.95,0.4252269224030897,1.4,0.5,0.25,0.2,0.0,0.0,0.5678908345800273,1.9831415054511228e-05,0.66332495807108,0.5,0.25,0.6000000000000001,0.0,1720,0.03784419223666191,0.13572458922863007,0.9466211795806885,1.120189905166626
880000,-0.551383912563324,0.35,0.39051247,0.5,0.5,2.0055036544799805,-0.14611750841140747,50.0,0.85,0.42430700743570926,1.4,0.3,0.35,0.2,0.0,0.0,0.634428877022476,1.4155945427737999e-05,0.66332495807108,0.45825756949558394,0.32015621187164245,0.6000000000000001,0.0,1760,0.03473386541008949,0.1868138462305069,0.5889850854873657,0.810532808303833
900000,-0.3436047434806824,0.9,0.73484695,0.85,0.54999995,2.139343738555908,0.3538062572479248,44.5,1.75,0.3854676274349913,2.2,0.4,0.35,1.0,0.5,9.12414379544733,1.0547511554864493,0.08020100441147365,0.8717797887081347,0.48989794855663565,0.22912878474779202,1.0,0.7745967,1800,0.055420029908418655,0.18686585128307343,1.152536153793335,1.3948220014572144
920000,0.08607328683137894,1.0,0.5,0.4,0.66332495,2.041898012161255,0.686743974685669,50.0,1.4,0.42814605799503624,1.7,0.5,0.3,0.6,0.0,0.0,0.9433981132056604,1.543833490288723e-05,0.45825756949558405,0.5,0.24494897427831783,0.9165151389911679,0.0,1840,0.04836275428533554,0.14797735214233398,1.0050013065338135,1.2013413906097412
940000,-0.7135659456253052,0.55,0.65,0.5,0.6324555,2.0027458667755127,-0.025341510772705078,45.5,1.05,0.38519913563504815,1.5,0.1,0.35,0.6,0.4,9.135097153287424,1.2134661099511597,0.07821383468255196,1.02469507659596,0.30000000000000004,0.22912878474779202,0.9165151389911679,0.8,1880,0.02197931706905365,0.18614566326141357,1.1683238744735718,1.3764488697052002
960000,-0.46709421277046204,0.55,0.6103278,0.55,0.5678908,1.8553683757781982,-0.12066996097564697,49.0,1.1,0.41585586734581736,1.8,0.5,0.4,0.2,0.2,3.0,0.8888194417315589,0.025871208266650052,0.6000000000000001,0.5,0.2,0.6000000000000001,0.59999996,1920,0.0467110350728035,0.17246849834918976,0.47366899251937866,0.6928485035896301
980000,-0.6606140732765198,0.35,0.54999995,0.5,0.7416199,2.0239269733428955,-0.06937819719314575,48.7,0.85,0.4150564441923052,1.2,0.2,0.25,0.4,0.05,3.9000000000000004,1.1842719282327012,0.03385525164802268,1.077032961426901,0.4000000000000001,0.25,0.8000000000000002,0.14999999,1960,0.034513071179389954,0.21608412265777588,0.9318746328353882,1.182471752166748
1000000,-0.4556434154510498,1.0,0.70710677,0.85,0.7762087,2.0005381107330322,0.423423171043396,40.7,1.85,0.34653660310432316,2.3,0.4,0.45,1.0,0.45,13.601838111078958,1.1412712210513327,0.11762347245721144,0.6403124237432849,0.48989794855663565,0.15000000000000002,1.0,0.7889867,2000,0.05837680399417877,0.3253900408744812,1.374366283416748,1.7581331729888916
