environment_steps,actor_loss,entropy,loss,mean_episode_length,mean_episode_returns,mean_episode_time,mean_harvested_count,mean_return_channel_0,mean_return_channel_1,mean_return_channel_2,mean_return_channel_3,std_episode_length,std_episode_returns,std_episode_time,std_harvested_count,std_return_channel_0,std_return_channel_1,std_return_channel_2,std_return_channel_3,updates,v_loss_ch0,v_loss_ch1,v_loss_ch2,v_loss_ch3,value_loss
20000,0.5326330065727234,2.9609220027923584,0.7232896089553833,25.6,-0.4739997878670692,0.0683823826024308,0.8,0.3,0.25,0.0,-1.023999783396721,15.2,0.8547300574005284,0.0410602316226556,0.4,0.4582575694955839,0.25,0.0,0.6079997154443127,40,0.105873554944992,0.0944359824061393,0.0544204488396644,0.1265831887722015,0.3813131749629974
40040,0.4797234535217285,2.9219977855682373,0.6196131706237793,13.3,-0.1819998376071453,0.0361314694397151,0.8,0.1,0.25,0.0,-0.5319998286664486,18.836400930114014,0.954251217162982,0.051134277742968,0.4,0.3,0.25,0.0,0.7534557131937953,81,0.0863589122891426,0.0688047930598259,0.0432089604437351,0.0814067870378494,0.2797794342041015
60430,0.3854769766330719,3.025611162185669,0.5288422107696533,17.6,-0.2039998091757297,0.0492123211268335,0.8,0.3,0.2,0.0,-0.7039998151361943,18.21647605877712,0.959657969080925,0.0511888387996367,0.4,0.4582575694955839,0.2449489742783178,0.0,0.728658745660502,125,0.1023041978478431,0.0583845600485801,0.050406988710165,0.0756346955895423,0.2867304384708404
80690,0.3954869210720062,3.1260194778442383,0.5374975204467773,21.9,-0.5759997084736824,0.0600654918933287,0.7,0.1,0.2,0.0,-0.8759997121989727,20.56915165970634,1.0735656808812302,0.0573298293837863,0.458257569495584,0.3,0.2449489742783178,0.0,0.8227657139577124,169,0.0606219843029975,0.0649826601147651,0.0384557321667671,0.1199608519673347,0.2840212285518646
101040,0.3124056458473205,2.959092855453491,0.4185246229171753,13.6,-0.0439998462796211,0.0369918240699917,0.8,0.4,0.1,0.0,-0.543999832868576,18.810635289644,1.0927686551340832,0.0516085718997788,0.4,0.4898979485566356,0.2,0.0,0.7524250908450237,214,0.0874669328331947,0.0273493323475122,0.0350589640438556,0.0623627007007598,0.212237924337387
121390,0.4196950793266296,2.9978671073913574,0.504706621170044,18.0,-0.3699998423457146,0.0491166228894144,1.0,0.1,0.25,0.0,-0.7199998416006566,18.509457042279767,0.956378370966575,0.0508168314288841,0.4472135954999579,0.3,0.25,0.0,0.7403780129584754,260,0.0380693078041076,0.0440614223480224,0.0305944494903087,0.0572978965938091,0.1700230836868286
141530,0.4909892082214355,3.1248209476470947,0.625625491142273,11.9,0.1740000113844871,0.0374945249408483,1.1,0.3,0.35,0.0,-0.4759999997913837,7.8670197660867744,0.3772585597982131,0.0252378211240524,0.3,0.4582575694955839,0.2291287847477919,0.0,0.3146808244662034,306,0.1117734983563423,0.0695735737681388,0.042210716754198,0.0457147285342216,0.26927250623703
161910,0.5873136520385742,3.049962520599365,0.7066953778266907,12.1,0.0160000763833522,0.0605451341951265,1.1,0.2,0.3,0.0,-0.4839999221265316,14.411453778158537,0.5969119277104403,0.0728062131661238,0.3,0.4000000000000001,0.2449489742783178,0.0,0.576457996534489,356,0.0980997383594513,0.0467148758471012,0.0648538991808891,0.0290949344635009,0.2387634515762329
182330,0.3147158622741699,2.8023831844329834,0.4376283884048462,12.7,-0.1079998984932899,0.0364526367047801,0.9,0.1,0.3,0.0,-0.5079998940229415,13.35702062587312,0.691271062581151,0.0384335817561956,0.3,0.3,0.2449489742783178,0.0,0.5342805956557997,411,0.0639428496360778,0.0630427151918411,0.0695593729615211,0.0492801070213317,0.2458250522613525
202340,0.3509963452816009,2.984262466430664,0.4814255833625793,16.3,-0.0519999623298645,0.0565518429270014,1.3,0.3,0.3,0.0,-0.6519999727606773,12.884486796143648,0.7252695979219175,0.0451635221056537,0.4582575694955839,0.4582575694955839,0.2449489742783178,0.0,0.5153794146493921,466,0.0969158485531807,0.054744005203247,0.0617613531649112,0.0474372580647468,0.2608584761619568
222780,0.6921569108963013,2.983172416687012,0.8724894523620605,7.7,0.2420000232756138,0.0268939925357699,1.0,0.3,0.25,0.0,-0.307999986410141,5.9,0.3962272395187212,0.021166898005408,0.0,0.4582575694955839,0.25,0.0,0.2360000222921408,531,0.1647615581750869,0.0712389051914215,0.088238775730133,0.036425843834877,0.3606650829315185
242950,0.4763901829719543,2.9667789936065674,0.698630154132843,8.2,0.2220000021159648,0.0221066117053851,1.0,0.3,0.25,0.0,-0.3279999926686286,7.138627319029898,0.3752812264039283,0.019989827988894,0.0,0.458257569495584,0.25,0.0,0.285545112053774,592,0.1909787356853485,0.0750313699245452,0.1445412039756775,0.0339286029338836,0.4444799125194549
263050,0.4920157194137573,2.7728376388549805,0.6442602872848511,10.4,0.1840000361204147,0.0352277129888534,1.2,0.4,0.2,0.0,-0.4159999690949917,8.651011501552867,0.6833329932750086,0.0300880628561424,0.4,0.4898979485566356,0.2449489742783178,0.0,0.3460404296424966,655,0.1202781572937965,0.0486162342131137,0.0936860144138336,0.0419087558984756,0.3044891655445099
283460,1.1828995943069458,2.9299957752227783,3.012916088104248,9.9,1.253999999165535,0.0277806703699752,1.0,0.4,0.25,1.0,-0.3960000105202198,7.272551134230684,2.89619135628724,0.020679349811098,0.0,0.4898979485566356,0.3354101966249684,3.0,0.2909020735559419,714,0.1667097508907318,0.0561745278537273,3.3858747482299805,0.0512740835547447,3.660032987594605
303570,0.8746308088302612,2.679271936416626,1.1045129299163818,14.2,-0.1679998502135276,0.0417162908706814,1.1,0.1,0.3,0.0,-0.567999854683876,15.4,0.6227806567568158,0.0449682426044112,0.3,0.3,0.2449489742783178,0.0,0.6159997685002053,778,0.0533129423856735,0.0625253841280937,0.3287939131259918,0.0151319336146116,0.459764152765274
323670,0.4636402428150177,3.006600856781006,0.5815088748931885,15.7,-0.0779998682439327,0.2183040993055328,1.0,0.3,0.25,0.0,-0.6279998764395713,14.886571129712843,0.7428833618729698,0.1759163340379529,0.4472135954999579,0.4582575694955839,0.25,0.0,0.5954626257220411,845,0.0948224365711212,0.0439239181578159,0.0748476162552833,0.0221432913094759,0.2357372641563415
343750,0.6443295478820801,2.643129825592041,0.8541145324707031,7.8,0.338000014424324,0.0236058170208707,1.0,0.4,0.25,0.0,-0.3119999952614307,8.885943956609225,0.355578410228005,0.0268203112458871,0.0,0.4898979485566356,0.25,0.0,0.3554377611862638,911,0.1553175747394561,0.0561894327402114,0.1728003025054931,0.0352625921368598,0.4195699095726013
363770,0.2476927787065506,2.6017045974731445,0.4174390435218811,8.8,0.0980000056326389,0.0249845260987058,1.0,0.2,0.25,0.0,-0.3519999884068966,9.463614531456782,0.3501371061320292,0.0271833875879494,0.0,0.4000000000000001,0.25,0.0,0.378544561538938,986,0.1056900918483734,0.0518365837633609,0.1549368351697921,0.0270290691405534,0.3394925594329834
384150,0.3775680065155029,2.3871803283691406,0.6326181888580322,7.2,0.2119999974966049,0.0220063048880547,1.0,0.2,0.3,0.0,-0.2879999928176403,5.670978751503131,0.40429692066609,0.017382650496646,0.0,0.4000000000000001,0.2449489742783178,0.0,0.2268391618329028,1051,0.1035562977194786,0.0658336132764816,0.3024436235427856,0.0382668860256671,0.5101004242897034
404330,1.7122656106948853,2.5283541679382324,5.73701810836792,8.0,2.2800000235438347,0.0226169500267133,1.1,0.3,0.3,2.0,-0.3199999764561653,9.67470929795826,3.38227141002659,0.0282750659693147,0.3,0.4582575694955839,0.2449489742783178,4.0,0.3869883358525876,1121,0.0735948681831359,0.044103555381298,7.877861022949219,0.0539454221725463,8.049505233764648
424710,0.4076045155525207,2.289715528488159,1.2614141702651978,8.6,1.1560000151395795,0.0248012115946039,1.0,0.2,0.3,1.0,-0.3439999848604202,9.961927524329816,2.965600122223389,0.0282264112140359,0.0,0.4000000000000001,0.2449489742783178,3.0,0.3984770726209968,1193,0.0842179059982299,0.0577858537435531,1.5379005670547483,0.0277149975299835,1.707619309425354
444930,0.3804978430271148,2.5270659923553467,0.6736037731170654,10.9,0.1640000373125076,0.0320399270858615,1.0,0.4,0.2,0.0,-0.4359999544918537,8.63075894692929,0.6327589859484568,0.0252285498187333,0.0,0.4898979485566356,0.33166247903554,0.0,0.3452303117629114,1246,0.1138993129134178,0.0416775271296501,0.3907108902931213,0.0399241298437118,0.5862118601799011
464990,1.2481906414031982,2.438241720199585,3.5861830711364746,7.0,1.3200000420212743,0.0218337695114314,1.0,0.3,0.3,1.0,-0.2799999788403511,3.847076812334269,2.8463450618423543,0.0130153943566791,0.0,0.458257569495584,0.2449489742783178,3.0,0.1538830632437582,1308,0.1908673495054245,0.0454675629734993,4.401871204376221,0.0377786755561828,4.675984859466553
485300,0.527695894241333,2.625426769256592,0.8896949887275696,6.4,0.1940000146627426,0.0180909290211275,1.2,0.1,0.35,0.0,-0.2559999845921993,5.3516352641038605,0.3697620722139206,0.0156278500615006,0.4,0.3,0.2291287847477919,0.0,0.2140654044150592,1370,0.1006692945957183,0.1182406470179557,0.4618299007415771,0.0432583950459957,0.7239981889724731
505520,1.0955543518066406,2.4346954822540283,3.150728702545166,7.4,1.3039999932050703,0.0234054375905543,1.1,0.3,0.3,1.0,-0.2959999792277813,5.624944444170094,2.6619210377538587,0.0184534149020728,0.3,0.4582575694955839,0.33166247903554,3.0,0.2249977753338533,1442,0.1457416117191314,0.065821349620819,3.879457235336304,0.01932836137712,4.110348701477051
525580,0.383324533700943,2.50159215927124,0.534503698348999,8.9,0.1940000265836715,0.0256487658247351,1.1,0.3,0.25,0.0,-0.3559999838471412,6.220128616033595,0.4049740787246487,0.0186388384314378,0.3,0.4582575694955839,0.25,0.0,0.2488051377505388,1512,0.1529282927513122,0.0369976200163364,0.0845600962638855,0.027872359380126,0.3023583590984344
545690,0.3836560845375061,1.9019262790679927,0.6258365511894226,10.4,0.1840000711381435,0.0292240362847223,1.0,0.4,0.2,0.0,-0.4159999132156372,14.5547243189282,0.8186229983282562,0.0416176727374049,0.4472135954999579,0.4898979485566356,0.2449489742783178,0.0,0.5821887528132694,1585,0.120753213763237,0.0595599040389061,0.262512058019638,0.0415357761085033,0.484360933303833
565830,0.3596132099628448,2.2973995208740234,0.5516095161437988,10.7,-0.0779999010264873,0.0300951815908774,0.9,0.1,0.25,0.0,-0.427999909222126,14.071602609511112,0.7790479411359267,0.0403554182819745,0.3,0.3,0.25,0.0,0.5628638755242611,1651,0.0742085874080658,0.0794165953993797,0.1984049677848816,0.0319625027477741,0.3839926719665527
585870,1.1427956819534302,2.4126131534576416,3.438592433929444,6.2,1.2020000688731671,0.017090635979548,1.2,0.2,0.25,1.0,-0.2479999743402004,3.2802438933713454,2.8388231011304232,0.0097986636187264,0.4,0.4000000000000001,0.25,3.0,0.1312097324507949,1722,0.1078941747546196,0.0714473351836204,4.37644100189209,0.0358113721013069,4.5915937423706055
605990,0.4612316787242889,2.231575965881348,0.8763316869735718,3.2,0.3219999961555004,0.0085399414412677,1.0,0.2,0.25,0.0,-0.1279999919235706,2.315167380558045,0.3771949028605023,0.0069183913984173,0.0,0.4000000000000001,0.25,0.0,0.0926066865229899,1804,0.2125669717788696,0.0870142728090286,0.5177052021026611,0.0129135511815547,0.8301999568939209
626340,0.4627764523029327,1.5513204336166382,1.3540805578231812,8.4,1.0640000730752943,0.0235043230233714,1.1,0.2,0.2,1.0,-0.3359999373555183,11.128342194594843,3.009807960432293,0.0318857324920424,0.3,0.4000000000000001,0.2449489742783178,3.0,0.4451335574288881,1878,0.1193279772996902,0.0445009283721447,1.608367919921875,0.0104113770648837,1.7826082706451416
646630,0.5040557384490967,1.8952653408050537,0.7850831747055054,5.0,0.4500000089406967,0.0152063569054007,1.2,0.4,0.25,0.0,-0.1999999813735485,3.492849839314596,0.5234691731381389,0.0119731919230993,0.4,0.4898979485566356,0.25,0.0,0.1397139712518776,1941,0.2783600389957428,0.0658606588840484,0.1906095743179321,0.0272245556116104,0.5620548129081726
666750,0.3915131688117981,2.009763240814209,0.7075611352920532,7.4,0.3040000081062317,0.021079727099277,1.0,0.3,0.3,0.0,-0.2959999792277813,5.607138307550474,0.384062479152323,0.0163512482344406,0.0,0.4582575694955839,0.2449489742783178,0.0,0.2242855205918619,2011,0.1358446627855301,0.068820372223854,0.4067048132419586,0.0207260679453611,0.6320959329605103
686820,0.7842260003089905,2.293872117996216,2.3016064167022705,7.5,2.200000075995922,0.0227541987784206,1.0,0.3,0.2,2.0,-0.2999999731779098,4.522167621838006,3.771302254983663,0.0147001201103268,0.0,0.458257569495584,0.2449489742783178,4.0,0.1808866849313523,2076,0.1770738512277603,0.058993998914957,2.7594213485717773,0.0392715260386467,3.0347607135772705
707130,0.3693870604038238,2.2055859565734863,0.942244291305542,5.9,0.2140000231564044,0.0165122132049873,1.1,0.3,0.15,0.0,-0.2359999805688858,3.5623026261113755,0.4703232894360704,0.0106115531574555,0.3,0.4582575694955839,0.229128784747792,0.0,0.1424920857758201,2143,0.172752633690834,0.0846838355064392,0.8703237771987915,0.0179543234407901,1.145714521408081
727350,0.3138954043388366,2.1988320350646973,0.8420224189758301,6.9,0.4740000247955322,0.2071807494852691,1.2,0.3,0.45,0.0,-0.2759999684989452,9.24608025057105,0.4186692777985603,0.1218067898316754,0.4,0.458257569495584,0.2692582403567252,0.0,0.3698431455590378,2213,0.1253352165222168,0.0829823762178421,0.8182529211044312,0.0296834651380777,1.0562540292739868
747720,0.5567799210548401,2.178812265396118,1.168842077255249,6.2,0.4020000047981739,0.0182288435986265,1.1,0.4,0.25,0.0,-0.2479999966919422,6.2257529665093525,0.595748286726932,0.0192334585645598,0.3,0.4898979485566356,0.25,0.0,0.2490301409062569,2283,0.206376776099205,0.0576765164732933,0.8754565119743347,0.0846143811941146,1.2241241931915283
767840,1.0400686264038086,2.0668530464172363,3.5242297649383545,8.5,1.960000017285347,0.0300565312849357,1.1,0.0,0.3,2.0,-0.3399999804794788,5.835237784358063,3.774450955508016,0.02071547598473,0.3,0.0,0.2449489742783178,4.0,0.2334095107537874,2353,0.0681618899106979,0.04667878895998,4.826803207397461,0.0266787577420473,4.968322277069092
788120,0.3317976891994476,2.311628580093384,0.6651533842086792,12.2,-0.0879999078810215,0.0432541654910892,1.1,0.1,0.3,0.0,-0.4879998952150345,14.749915253993832,0.8789173119239669,0.0521011814038643,0.5385164807134504,0.3,0.2449489742783178,0.0,0.5899963926585386,2418,0.0325737036764621,0.0399503968656063,0.5589132308959961,0.0352740436792373,0.6667113304138184
808140,0.6789245009422302,2.083371877670288,1.4912266731262207,8.3,1.2680000849068165,0.0245628154138103,1.1,0.4,0.2,1.0,-0.3319999434053898,10.640018796975877,2.846671114012952,0.0316864070712807,0.3,0.4898979485566356,0.2449489742783178,3.0,0.4256006318540352,2479,0.1795140653848648,0.0424849316477775,1.3575655221939087,0.0450400002300739,1.6246044635772705
828170,0.4693975150585174,2.219845533370972,0.7745000123977661,7.4,0.3540000237524509,0.0244890520116314,1.2,0.4,0.25,0.0,-0.2960000000894069,6.3118935352238,0.6380000506051858,0.0188258972798549,0.4,0.4898979485566356,0.25,0.0,0.2524757724054035,2548,0.1641918271780014,0.0539311990141868,0.3634783327579498,0.0286036413162946,0.6102049946784973
848450,1.88150417804718,2.338879108428955,6.110072612762451,6.6,2.2359999783337114,0.0200846017803996,1.2,0.3,0.2,2.0,-0.2639999948441982,6.086049621881176,3.6944910094345977,0.0187987264348337,0.4,0.4582575694955839,0.2449489742783178,4.0,0.2434419895213562,2635,0.1083701997995376,0.0399328358471393,8.277944564819336,0.0308892503380775,8.457137107849121
868520,0.2967325150966644,2.288909673690796,0.5607866048812866,9.4,-0.1759999081492424,0.0265011686366051,1.0,0.1,0.1,0.0,-0.3759999111294746,12.978443666326095,0.6276175317242424,0.037372659328787,0.0,0.3,0.2,0.0,0.5191375376370165,2718,0.0669928416609764,0.0415857583284378,0.3874644935131073,0.0320650488138198,0.5281081795692444
888520,0.5173040628433228,2.0903398990631104,1.4275052547454834,4.0,0.5399999991059303,0.0144147576531395,1.1,0.4,0.3,0.0,-0.1599999904632568,1.949358868961793,0.3975927400906729,0.0074329826840785,0.3,0.4898979485566356,0.2449489742783178,0.0,0.0779743446070613,2802,0.2929678857326507,0.1090786904096603,1.3945741653442385,0.0237815175205469,1.820402264595032
908780,0.6227855682373047,2.009446382522583,2.5161447525024414,12.7,1.092000210285187,0.0356977397808805,0.9,0.4,0.2,1.0,-0.5079998254776001,18.80452073305778,3.3531143169569377,0.0535962611659425,0.5385164807134505,0.4898979485566356,0.2449489742783178,3.0,0.7521805004649151,2883,0.082270510494709,0.0263680927455425,3.653544664382935,0.0245352238416671,3.7867183685302734
929130,0.5841951370239258,2.218636512756348,1.557203769683838,6.8,1.127999982237816,0.0195541729917749,1.0,0.0,0.4,1.0,-0.271999978274107,4.621688003316537,2.750958995724104,0.0144750701422211,0.0,0.0,0.2,3.0,0.1848675033940015,2962,0.0303031634539365,0.0663963481783866,1.815756797790528,0.0335609801113605,1.946017265319824
949510,0.4576286077499389,2.0366177558898926,1.4472672939300537,8.3,1.1680000394582748,0.0237623655935749,1.0,0.2,0.3,1.0,-0.3319999821484088,5.814636704042653,2.831624382132057,0.0175605195390447,0.0,0.4000000000000001,0.2449489742783178,3.0,0.2325854806712665,3054,0.084261953830719,0.0541731715202331,1.827662467956543,0.0131799513474106,1.979277491569519
969520,0.8546296954154968,1.9051371812820437,2.6040992736816406,8.2,2.8720000691711904,0.0246546791167929,1.0,0.1,0.1,3.0,-0.3279999740421772,5.528109984434102,4.35317086291108,0.0170894458212602,0.0,0.3,0.2,4.58257569495584,0.2211243893133523,3144,0.083151675760746,0.0309736095368862,3.361855745315552,0.0229579638689756,3.498939037322998
989600,0.44906947016716003,2.115870714187622,0.8258247375488281,4.1,0.2859999999403954,0.012434707512147725,1.1,0.2,0.25,0.0,-0.16399998664855958,3.0805843601498726,0.3650807882380404,0.010116300633929346,0.3,0.4000000000000001,0.25,0.0,0.12322335672921782,3235,0.19023500382900238,0.042333438992500305,0.5065116882324219,0.014430465176701546,0.753510594367981
